<?xml version="1.0" encoding="UTF-8"?>
<project-private xmlns="http://www.netbeans.org/ns/project-private/1">
    <editor-bookmarks xmlns="http://www.netbeans.org/ns/editor-bookmarks/2" lastBookmarkId="0"/>
    <open-files xmlns="http://www.netbeans.org/ns/projectui-open-files/2">
        <group>
            <file>file:/D:/III%20CICLO/Proyecto/sistema/src/empleadosDAL/conexion.java</file>
            <file>file:/D:/III%20CICLO/Proyecto/sistema/src/empleadoBL/empleadosBL.java</file>
            <file>file:/D:/III%20CICLO/Proyecto/sistema/src/empleadosGUI/frmEmpleados.java</file>
            <file>file:/D:/III%20CICLO/Proyecto/sistema/src/sistema/sistema.java</file>
        </group>
    </open-files>
</project-private>
